wallet,moca_id,moca_xp,week
0xab0a2fc0747c9a7f12f968739da737dab4bdfbe7,960,60.0,8
0x25c53e7da97cddb8f7943fba9f9ff569b84a261a,994,33.6,8
0x92373997819b0e4529be7988eea4bedd4d276f74,1002,108.8,8
0xf6e08b16b96eca49dd098359dba9ea894ef4cf47,1004,76.8,8
0xea9aaa635142aae3c710986f7be0a18ba02efb41,1009,78.4,8
0xea9aaa635142aae3c710986f7be0a18ba02efb41,1010,94.4,8
0x6313d7948d3491096ffe00dea2d246d588b4d4fc,1018,72.0,8
0x8a44e65288dc50c6bf8931e1e8216b5fb77f01eb,1020,108.8,8
0xf22191f4b25fe5548acffc551bb87485b88a58f2,1026,77.0,8
0xdaf8313d766a62b5271a446b7e03d45ffb000490,1027,108.8,8
0xf6e08b16b96eca49dd098359dba9ea894ef4cf47,1038,84.8,8
0xc886db8b8cd260f5ee38ba3d8f8e9324ee27ea33,1046,108.8,8
0xa15dbef1c56c59b96c4d585ba69a554842e8a63b,1052,67.2,8
0x6cc4ead03b6fda979fa33b40546ba5d09c35396a,1067,68.0,8
0x8b2abf9618cb3899b8459de211eadf53598245ad,1078,121.8,8
0x88d8d8c2e9a29177a4a8d6755b3870e6720ee6a6,1085,90.0,8
0x7201ad662c2f3808fc364ee62b9b31a6d8053ed4,1088,106.8,8
0xba943f9a82e378eac5c33bbc92263e82ee64f50b,1089,76.8,8
0xdd22de8b55cc572d889a0b9edf114ce746126c49,1099,68.8,8
0x5a1c6b926209a865718d7be43055ab747fdafd57,1106,76.8,8
0xda1e9c631ace798036d2650f0283e63bc546f213,1120,60.0,8
0x8a44e65288dc50c6bf8931e1e8216b5fb77f01eb,1121,108.8,8
0xdac4c0c7c0fe9890b08ac59bddb3bb96ec098992,1124,108.8,8
0x177821cbe97b3eb0a20de1fd534bc7160cbcd76e,1134,80.0,8
0xda1e9c631ace798036d2650f0283e63bc546f213,1139,102.4,8
0x6b1b0419aab8cee190cdb37a50e75545ea0500c7,1147,24.0,8
0xbe949adac94b2a046b3e86a0c14ca69591c5621a,1149,90.0,8
0xbe949adac94b2a046b3e86a0c14ca69591c5621a,1150,80.0,8
0x5e71dce31312ecf6110e552c8d8a5fe34cd6c8dd,1157,108.8,8
0x24d074530bb9526a67369b67fcf1fa6cf6ef6845,1159,83.2,8
0xf6e08b16b96eca49dd098359dba9ea894ef4cf47,1169,76.8,8
0x9332aadd6c45d8e11311f0ef87bc288e0316f7a5,1170,92.8,8
0x554d0c1f3e79b80fa41f9be17d6406d934f76427,1171,94.4,8
0x8a44e65288dc50c6bf8931e1e8216b5fb77f01eb,1177,108.8,8
0x8a44e65288dc50c6bf8931e1e8216b5fb77f01eb,1178,108.8,8
0x83d498de2ef7de7076768c0f5a660e9433f45b22,1187,68.8,8
0x9fed225115a1374c7f0faef307d471c80fff1893,1209,64.0,8
0xf57f7876d07adf68b2d33a4e033d80cb3543d6df,1214,72.0,8
0xbc5e44596816cbe3d45318a3a124f8328c417cde,1217,97.0,8
0xbc5e44596816cbe3d45318a3a124f8328c417cde,1218,104.0,8
0x8195a56a4a74f42787a67a4d6f9d4fb3cc56a38f,1227,80.0,8
0xae5252b7d6603af2fa284e565a11e3175ef84a9c,1258,68.8,8
0x6319e7820dcbebf9d342dc5676e6c7f583b544c6,1261,93.0,8
0x6319e7820dcbebf9d342dc5676e6c7f583b544c6,1262,80.0,8
0xdf087c9fe7f42e45b66fa22be028ad50e4c90234,1263,102.8,8
0x5a1c6b926209a865718d7be43055ab747fdafd57,1296,108.8,8
0x5307da2782c2641180abd2b92b647c4245ea65c7,1300,80.0,8
0xd1a18f6aa5bc2b4928c313f1bdbe9f5799f1a2db,1302,56.0,8
0xab0dee2006c7d84330b95cfa7c38da4307dfd74e,1307,108.8,8
0x3018c8ad9b0b5e217e31ee70752b6c6032251cc2,1314,93.0,8
0x24d074530bb9526a67369b67fcf1fa6cf6ef6845,1317,79.2,8
0xffc9a5ecf39dba2bf0b8b2c4d843bfd70b1a6082,1318,68.8,8
0x8a44e65288dc50c6bf8931e1e8216b5fb77f01eb,1320,108.8,8
0xb4c37c7ad3b83b66c4848d24f19a48aafff00d56,1327,84.8,8
0xb4c37c7ad3b83b66c4848d24f19a48aafff00d56,1328,94.8,8
0x8a44e65288dc50c6bf8931e1e8216b5fb77f01eb,1329,108.8,8
0xba943f9a82e378eac5c33bbc92263e82ee64f50b,1330,76.8,8
0xc380b82ff3f0f1254eec6662e6c2ec9877df0e17,1333,104.0,8
0x7832e77dd29096236c61b6ae4fbfc232a4cebb8f,1335,72.0,8
0x121562d23eb3f214596558e151a903aa8dad5db0,1336,72.0,8
0x9fed225115a1374c7f0faef307d471c80fff1893,1358,66.4,8
0x1584df90cb8ffda66d0d3b6b64ef7bfbdca191b8,1362,80.0,8
0x8a44e65288dc50c6bf8931e1e8216b5fb77f01eb,1376,76.8,8
0x410a20d45edbb4415a5981be8d559676b8100e57,1392,76.8,8
0x5e71dce31312ecf6110e552c8d8a5fe34cd6c8dd,1412,108.8,8
0xdac4c0c7c0fe9890b08ac59bddb3bb96ec098992,1431,108.8,8
0x5c5d19faa967ba5d3a0fc919af27a462122ff8a1,1442,89.6,8
0xb0e8af8ddc8480789b37f90689c5bbba2139804c,1443,58.0,8
0xab0dee2006c7d84330b95cfa7c38da4307dfd74e,1455,108.8,8
0xea5f4f4440ff3cc417d09b43d6f8da1f14175846,1467,75.2,8
0x5e71dce31312ecf6110e552c8d8a5fe34cd6c8dd,1482,108.8,8
0xcc614c9c5533e8f8d9dda498e38feb24f19b154e,1486,40.0,8
0xab0dee2006c7d84330b95cfa7c38da4307dfd74e,1496,80.8,8
0x6cc4ead03b6fda979fa33b40546ba5d09c35396a,1497,94.0,8
0xbe101822c9a1fb894f6321932c5dc5b9c79810d0,1498,80.0,8
0x92373997819b0e4529be7988eea4bedd4d276f74,1509,92.8,8
0x7af28981429bfaa8084d89b7f9336d16755fd71c,1512,103.0,8
0x7af28981429bfaa8084d89b7f9336d16755fd71c,1513,64.0,8
0xab0a2fc0747c9a7f12f968739da737dab4bdfbe7,1514,88.0,8
0x58f96c1d46db3a967c7dd33f1a3f0b601745d05b,1515,108.0,8
0xc9e489dc86bf2d5eef11bce89846e67039275bd9,1519,90.0,8
0xab0dee2006c7d84330b95cfa7c38da4307dfd74e,1543,108.8,8
0x6205c7c6114f90ec08054c00db958a90ab622c61,1550,80.0,8
0x24d074530bb9526a67369b67fcf1fa6cf6ef6845,1551,70.8,8
0xc380b82ff3f0f1254eec6662e6c2ec9877df0e17,1560,104.0,8
0x11610d0bf661d3ccbb9493cf23184f68ecfe4783,1561,83.2,8
0xc380b82ff3f0f1254eec6662e6c2ec9877df0e17,1570,104.0,8
0x4a791828f3b69c760b111cfcbcc20b1f93f4f3b5,1571,64.0,8
0x8a44e65288dc50c6bf8931e1e8216b5fb77f01eb,1574,108.8,8
0xb150b53a0a444eb153d1823c67d22795a3735dda,1597,90.0,8
0xdaf8313d766a62b5271a446b7e03d45ffb000490,1598,108.8,8
0xdf087c9fe7f42e45b66fa22be028ad50e4c90234,1600,92.8,8
0xc912883f4457be8eae99bb0e228f7846108861b6,1602,80.0,8
0x6313d7948d3491096ffe00dea2d246d588b4d4fc,1610,70.4,8
0x11705c7baf986594913ac568ac18fb0f039ef2d6,1611,80.0,8
0x11705c7baf986594913ac568ac18fb0f039ef2d6,1612,64.0,8
0x24d074530bb9526a67369b67fcf1fa6cf6ef6845,1619,78.4,8
0xa5e2bb97de3c62ca06f1a2293eb7e01c114e9a49,1620,80.8,8
0x392b0b4b2fb56f12512dfc8ad9f5c9643dfeab45,1626,87.0,8
0xb3012e44cac8fe92704ba59ff25054a710ad179e,1637,80.0,8
0xb3012e44cac8fe92704ba59ff25054a710ad179e,1638,80.0,8
0x7b2758ef11d152becab8c9aa3f0f7a43c1075ab9,1640,68.0,8
0x8a44e65288dc50c6bf8931e1e8216b5fb77f01eb,1650,76.8,8
0xc380b82ff3f0f1254eec6662e6c2ec9877df0e17,1661,104.0,8
0xc380b82ff3f0f1254eec6662e6c2ec9877df0e17,1662,104.0,8
0x3cac7e12dc3bae6ebe2909c82addb04da4cc340b,1663,93.0,8
0x4daf440bb1ec17628dad45ed45b726759a99271a,1664,93.0,8
0xc380b82ff3f0f1254eec6662e6c2ec9877df0e17,1666,104.0,8
0xb4c37c7ad3b83b66c4848d24f19a48aafff00d56,1668,68.8,8
0xdf087c9fe7f42e45b66fa22be028ad50e4c90234,1677,108.8,8
0x2897220823965b28bcb9d7fb3a215be633e377b4,1693,76.8,8
0x9fed225115a1374c7f0faef307d471c80fff1893,1695,65.6,8
0xc886db8b8cd260f5ee38ba3d8f8e9324ee27ea33,1709,108.8,8
0x5a1c6b926209a865718d7be43055ab747fdafd57,1718,108.8,8
0x947a518695f63096650e7bfd421fd9be8b38be3a,1728,108.8,8
0xdf087c9fe7f42e45b66fa22be028ad50e4c90234,1729,108.8,8
0x554d0c1f3e79b80fa41f9be17d6406d934f76427,1740,94.4,8
0xd1a18f6aa5bc2b4928c313f1bdbe9f5799f1a2db,1752,108.8,8
0xd1a18f6aa5bc2b4928c313f1bdbe9f5799f1a2db,1753,108.8,8
0x5e71dce31312ecf6110e552c8d8a5fe34cd6c8dd,1770,108.8,8
0xab0a2fc0747c9a7f12f968739da737dab4bdfbe7,1775,114.0,8
0x24d074530bb9526a67369b67fcf1fa6cf6ef6845,1778,70.4,8
0x8a44e65288dc50c6bf8931e1e8216b5fb77f01eb,1779,108.8,8
0xdddaf43d858823450a212a4a3c6d16136652951c,1780,64.0,8
0xc70fe10cdf99151ffe9b2e24ee1da97fb780714b,1781,84.8,8
0x18f6de4643248aa65a090c1d3546ec7a9eb5cdc6,1783,108.8,8
0xc380b82ff3f0f1254eec6662e6c2ec9877df0e17,1794,104.0,8
0x5a1c6b926209a865718d7be43055ab747fdafd57,1796,86.4,8
0xb5137d89bdc1ac83565d3d1cfb978e45c2063c11,1797,48.0,8
0xc886db8b8cd260f5ee38ba3d8f8e9324ee27ea33,1808,108.8,8
0xa15dbef1c56c59b96c4d585ba69a554842e8a63b,1830,67.2,8
0x31031eeaaedd39ed8b06deca903cc7102678df80,1834,68.8,8
0xf3de4637151bef03caaa190fed96e290b30bd0cc,1840,100.0,8
0xbeaa41a14d1553914a8bc582eecc04d28c8d9873,1841,64.0,8
0xdac4c0c7c0fe9890b08ac59bddb3bb96ec098992,1864,108.8,8
0xdac4c0c7c0fe9890b08ac59bddb3bb96ec098992,1865,108.8,8
0x03351328843940bb13b014d3acf3debf9fa75525,1866,90.0,8
0x7201ad662c2f3808fc364ee62b9b31a6d8053ed4,1872,56.0,8
0xa28ef9ab58ae6d14c23f8855852346c9510e49a3,1889,108.8,8
0xc2ba2b009a9a8f12fdabed184412120fb072d620,1890,94.4,8
0x8a44e65288dc50c6bf8931e1e8216b5fb77f01eb,1893,108.8,8
0xab0dee2006c7d84330b95cfa7c38da4307dfd74e,1899,78.4,8
0x5e71dce31312ecf6110e552c8d8a5fe34cd6c8dd,1933,108.8,8
0x24d074530bb9526a67369b67fcf1fa6cf6ef6845,1936,20.8,8
0x7201ad662c2f3808fc364ee62b9b31a6d8053ed4,1942,96.8,8
0x18f6de4643248aa65a090c1d3546ec7a9eb5cdc6,1945,108.8,8
0x947a518695f63096650e7bfd421fd9be8b38be3a,1946,108.8,8
0x8a44e65288dc50c6bf8931e1e8216b5fb77f01eb,1948,86.8,8
0xdac4c0c7c0fe9890b08ac59bddb3bb96ec098992,1968,108.8,8
0xde9991ec0533e2c874cc9298097e9cf5db523f76,1976,100.0,8
0xd1a18f6aa5bc2b4928c313f1bdbe9f5799f1a2db,1978,108.8,8
0x538b436d765cb508a1dd26b6f014b5eb3b29e8bf,1987,80.0,8
0x538b436d765cb508a1dd26b6f014b5eb3b29e8bf,1988,80.0,8
0x855Daf99174B3Eb8CEc4DF11e98cED228bF11A02,1990,108.8,8
0x25c53e7da97cddb8f7943fba9f9ff569b84a261a,1991,84.8,8
0x855Daf99174B3Eb8CEc4DF11e98cED228bF11A02,2001,108.8,8
0x855Daf99174B3Eb8CEc4DF11e98cED228bF11A02,2002,108.8,8
0xdac4c0c7c0fe9890b08ac59bddb3bb96ec098992,2007,118.8,8
0xdac4c0c7c0fe9890b08ac59bddb3bb96ec098992,2008,108.8,8
0xa5e2bb97de3c62ca06f1a2293eb7e01c114e9a49,2024,98.8,8
0xf30af00022a1f415f736c981903fb1a67f6a7796,2032,80.0,8
0xa5e2bb97de3c62ca06f1a2293eb7e01c114e9a49,2033,64.0,8
0x24d074530bb9526a67369b67fcf1fa6cf6ef6845,2034,76.8,8
0x7e222f65ab279507b4124ba450f13f9758212d42,2035,81.8,8
0x5b34d7917840fac7e91973abdd5647ae5eeccbaa,2037,84.8,8
0x5b34d7917840fac7e91973abdd5647ae5eeccbaa,2038,84.8,8
0xab0dee2006c7d84330b95cfa7c38da4307dfd74e,2043,86.4,8
0xdf087c9fe7f42e45b66fa22be028ad50e4c90234,4622,108.8,8
0xdf087c9fe7f42e45b66fa22be028ad50e4c90234,4623,108.8,8
0xc886db8b8cd260f5ee38ba3d8f8e9324ee27ea33,4635,92.8,8
0x24d074530bb9526a67369b67fcf1fa6cf6ef6845,4640,62.4,8
0xab0a2fc0747c9a7f12f968739da737dab4bdfbe7,4654,88.0,8
0x4c9d50ccac81b7473c222845531dc37f1c416166,4656,84.8,8
0x4c9d50ccac81b7473c222845531dc37f1c416166,4657,84.8,8
0x24d074530bb9526a67369b67fcf1fa6cf6ef6845,4667,54.4,8
0x8340fefd527494022d13e76150dee990d657e35b,4702,80.0,8
0x11610d0bf661d3ccbb9493cf23184f68ecfe4783,4712,67.2,8
0x8202d20d5806bc6c860344800e2c829d10278d66,4715,40.0,8
0xdf087c9fe7f42e45b66fa22be028ad50e4c90234,4716,108.8,8
0x410a20d45edbb4415a5981be8d559676b8100e57,4719,108.8,8
0x13027f849d4bb4193b09ba380f0940f389e770b0,4729,52.8,8
0x8a44e65288dc50c6bf8931e1e8216b5fb77f01eb,4735,108.8,8
0x8a44e65288dc50c6bf8931e1e8216b5fb77f01eb,4736,108.8,8
0xba943f9a82e378eac5c33bbc92263e82ee64f50b,4753,43.2,8
0xab0dee2006c7d84330b95cfa7c38da4307dfd74e,4754,108.8,8
0xdac4c0c7c0fe9890b08ac59bddb3bb96ec098992,4755,108.8,8
0x83d498de2ef7de7076768c0f5a660e9433f45b22,4756,80.0,8
0x8a44e65288dc50c6bf8931e1e8216b5fb77f01eb,4768,108.8,8
0xdf087c9fe7f42e45b66fa22be028ad50e4c90234,4769,108.8,8
0xdf087c9fe7f42e45b66fa22be028ad50e4c90234,4770,108.8,8
0x8a44e65288dc50c6bf8931e1e8216b5fb77f01eb,4771,108.8,8
0x855Daf99174B3Eb8CEc4DF11e98cED228bF11A02,4773,92.8,8
0x83d498de2ef7de7076768c0f5a660e9433f45b22,4777,80.0,8
0x3b0667ab576a6aceb3add15c98db84f51c20e370,4782,94.8,8
0xff5ad07002d876bbb63a17d3f5bab8f63f034e1e,4810,68.8,8
0xdf087c9fe7f42e45b66fa22be028ad50e4c90234,4827,108.8,8
0xdf087c9fe7f42e45b66fa22be028ad50e4c90234,4828,108.8,8
0xe1b549cbc27b838b412628048a6838babcf83336,4830,72.0,8
0xea5f4f4440ff3cc417d09b43d6f8da1f14175846,4835,91.2,8
0x92373997819b0e4529be7988eea4bedd4d276f74,4845,108.8,8
0x2897220823965b28bcb9d7fb3a215be633e377b4,4862,108.8,8
0x13027f849d4bb4193b09ba380f0940f389e770b0,4865,60.8,8
0xe488fbac4a5c9b35325343a1c56723450e427d69,4887,98.8,8
0x9fed225115a1374c7f0faef307d471c80fff1893,4891,80.0,8
0xac9bd90cf2556259b30517211c8adcebf41c4433,4894,72.8,8
0xab0dee2006c7d84330b95cfa7c38da4307dfd74e,4901,108.8,8
0xc2ba2b009a9a8f12fdabed184412120fb072d620,4914,78.4,8
0xdac4c0c7c0fe9890b08ac59bddb3bb96ec098992,4930,108.8,8
0x13027f849d4bb4193b09ba380f0940f389e770b0,5012,36.8,8
0x2897220823965b28bcb9d7fb3a215be633e377b4,5015,118.8,8
0x6eae0202053c5aef1b57911fec208f08d96050de,5019,96.0,8
0x8a44e65288dc50c6bf8931e1e8216b5fb77f01eb,5052,108.8,8
0x07525e4ec167102d87d24a76195d6dc22e325635,5091,84.8,8
0x19c47b6bf29cab375a11b0138dba57e0e484fbdc,5094,84.8,8
0x2897220823965b28bcb9d7fb3a215be633e377b4,5106,108.8,8
0x2897220823965b28bcb9d7fb3a215be633e377b4,5118,92.8,8
0x2897220823965b28bcb9d7fb3a215be633e377b4,5121,108.8,8
0x2897220823965b28bcb9d7fb3a215be633e377b4,5122,108.8,8
0xda1e9c631ace798036d2650f0283e63bc546f213,5131,102.4,8
0x8a44e65288dc50c6bf8931e1e8216b5fb77f01eb,5135,108.8,8
0x5c5d19faa967ba5d3a0fc919af27a462122ff8a1,5157,60.8,8
0xdaf8313d766a62b5271a446b7e03d45ffb000490,5158,108.8,8
0xab0dee2006c7d84330b95cfa7c38da4307dfd74e,5167,54.4,8
0xab0dee2006c7d84330b95cfa7c38da4307dfd74e,5168,54.4,8
0x0be708eafc31a270707f8b8a4ac0259b54b4740f,5178,107.2,8
0xf9a777c45223ca6549604c073ec1e25daf8a17b0,5189,91.6,8
0x8a44e65288dc50c6bf8931e1e8216b5fb77f01eb,5199,108.8,8
0x8a44e65288dc50c6bf8931e1e8216b5fb77f01eb,5226,96.0,8
0x7cdbbcc3bf7dfa8db52f9fef414865d41ff50bad,5252,106.4,8
0x7cdbbcc3bf7dfa8db52f9fef414865d41ff50bad,5253,106.4,8
0xcc0e876967c6f7d72162b489545fdab6f2b2f848,5263,77.6,8
0xdf5569a35e391e7093ca75c84e840220556ed483,5273,80.0,8
0xdf5569a35e391e7093ca75c84e840220556ed483,5274,80.0,8
0x2897220823965b28bcb9d7fb3a215be633e377b4,5275,108.8,8
0x2897220823965b28bcb9d7fb3a215be633e377b4,5276,108.8,8
0xba1d5693c869a3754f5e57dd7c336dabe35ab878,5286,92.8,8
0xba1d5693c869a3754f5e57dd7c336dabe35ab878,5287,105.8,8
0x410a20d45edbb4415a5981be8d559676b8100e57,5314,108.8,8
0x713c9aa2bdc82febc3b7f0e07f8a19a99bf6e047,5324,80.0,8
0x8a44e65288dc50c6bf8931e1e8216b5fb77f01eb,5332,92.8,8
0x8a44e65288dc50c6bf8931e1e8216b5fb77f01eb,5370,92.8,8
0x5a1c6b926209a865718d7be43055ab747fdafd57,5436,108.8,8
0xc380b82ff3f0f1254eec6662e6c2ec9877df0e17,5438,104.0,8
0xc380b82ff3f0f1254eec6662e6c2ec9877df0e17,5439,104.0,8
0xc380b82ff3f0f1254eec6662e6c2ec9877df0e17,5442,104.0,8
0xc380b82ff3f0f1254eec6662e6c2ec9877df0e17,5443,104.0,8
0xc380b82ff3f0f1254eec6662e6c2ec9877df0e17,5446,104.0,8
0xc380b82ff3f0f1254eec6662e6c2ec9877df0e17,5447,104.0,8
0xab0a2fc0747c9a7f12f968739da737dab4bdfbe7,5458,88.0,8
0xab0dee2006c7d84330b95cfa7c38da4307dfd74e,5465,108.8,8
0x7cdbbcc3bf7dfa8db52f9fef414865d41ff50bad,5485,86.4,8
0xf6e08b16b96eca49dd098359dba9ea894ef4cf47,5486,96.0,8
0xdac4c0c7c0fe9890b08ac59bddb3bb96ec098992,5513,108.8,8
0x9fed225115a1374c7f0faef307d471c80fff1893,5515,66.4,8
0xdf087c9fe7f42e45b66fa22be028ad50e4c90234,5529,92.8,8
0x3b0667ab576a6aceb3add15c98db84f51c20e370,5531,84.8,8
0x5e71dce31312ecf6110e552c8d8a5fe34cd6c8dd,5561,108.8,8
0x5e71dce31312ecf6110e552c8d8a5fe34cd6c8dd,5562,108.8,8
0xb432e38c547fe9e0822c225f6f488fc07d97bdcc,5591,80.0,8
0xdac4c0c7c0fe9890b08ac59bddb3bb96ec098992,5592,108.8,8
0x10ecb6312f28280cf42926e4a052fbbae34cf37d,5604,100.0,8
0xab0dee2006c7d84330b95cfa7c38da4307dfd74e,5612,76.8,8
0x5e71dce31312ecf6110e552c8d8a5fe34cd6c8dd,5621,92.8,8
0xda1e9c631ace798036d2650f0283e63bc546f213,5624,102.4,8
0xab0dee2006c7d84330b95cfa7c38da4307dfd74e,5634,108.8,8
0x5a1c6b926209a865718d7be43055ab747fdafd57,5645,108.8,8
0x5a1c6b926209a865718d7be43055ab747fdafd57,5646,118.8,8
0x8a44e65288dc50c6bf8931e1e8216b5fb77f01eb,5650,108.8,8
0x83d498de2ef7de7076768c0f5a660e9433f45b22,5653,90.4,8
0x8b2abf9618cb3899b8459de211eadf53598245ad,5712,108.8,8
0x5c5d19faa967ba5d3a0fc919af27a462122ff8a1,5733,87.2,8
0x19c47b6bf29cab375a11b0138dba57e0e484fbdc,5739,84.8,8
0x855Daf99174B3Eb8CEc4DF11e98cED228bF11A02,5793,108.8,8
0x7e222f65ab279507b4124ba450f13f9758212d42,5801,68.8,8
0x87f4c743c2a1323a88855f2db61ec1eea651ca2e,5811,108.8,8
0xab0dee2006c7d84330b95cfa7c38da4307dfd74e,5830,108.8,8
0x855Daf99174B3Eb8CEc4DF11e98cED228bF11A02,5850,108.8,8
0xab0a2fc0747c9a7f12f968739da737dab4bdfbe7,5859,88.0,8
0x8a44e65288dc50c6bf8931e1e8216b5fb77f01eb,5860,108.8,8
0x7a195e1d1d09e9a3bfb3e3be4e2d3b1462f7c6c8,5864,82.4,8
0x8a44e65288dc50c6bf8931e1e8216b5fb77f01eb,5871,108.8,8
0x8a44e65288dc50c6bf8931e1e8216b5fb77f01eb,5872,108.8,8
0x8a44e65288dc50c6bf8931e1e8216b5fb77f01eb,5877,96.0,8
0x7a195e1d1d09e9a3bfb3e3be4e2d3b1462f7c6c8,5888,99.4,8
0x31031eeaaedd39ed8b06deca903cc7102678df80,5899,68.8,8
0xab0dee2006c7d84330b95cfa7c38da4307dfd74e,5903,80.8,8
0x5a1c6b926209a865718d7be43055ab747fdafd57,5921,68.0,8
0x25f61313de89c6effded2dbcdf6082547b5d8a53,5922,64.0,8
0xc886db8b8cd260f5ee38ba3d8f8e9324ee27ea33,5923,108.8,8
0x64792b272affde292f884dc9ad1cdfc55a97aed9,5929,80.0,8
0x5a1c6b926209a865718d7be43055ab747fdafd57,5956,108.8,8
0x8a44e65288dc50c6bf8931e1e8216b5fb77f01eb,5966,108.8,8
0x07525e4ec167102d87d24a76195d6dc22e325635,5970,68.8,8
0x6cc4ead03b6fda979fa33b40546ba5d09c35396a,5981,68.0,8
0x5a1c6b926209a865718d7be43055ab747fdafd57,5985,94.6,8
0x07525e4ec167102d87d24a76195d6dc22e325635,6001,68.8,8
0x92373997819b0e4529be7988eea4bedd4d276f74,6009,92.8,8
0xab0dee2006c7d84330b95cfa7c38da4307dfd74e,6010,108.8,8
0xe44bccd274d0551a6e2af33cd89d7d6206e269dc,6047,94.4,8
0xe44bccd274d0551a6e2af33cd89d7d6206e269dc,6048,94.4,8
0x1c65b333dfb1acc18c96fc5469040b222dbe548a,6055,64.0,8
0x82636b0d51ed02132d445d3c32a57280a0625053,6059,93.0,8
0x82636b0d51ed02132d445d3c32a57280a0625053,6060,80.0,8
0x8a44e65288dc50c6bf8931e1e8216b5fb77f01eb,6064,108.8,8
0x5e71dce31312ecf6110e552c8d8a5fe34cd6c8dd,6078,108.8,8
0x87f4c743c2a1323a88855f2db61ec1eea651ca2e,6083,108.8,8
0x855Daf99174B3Eb8CEc4DF11e98cED228bF11A02,6085,92.8,8
0x11065895c4c25ed56d6303bc8848c068411c8cff,6086,24.0,8
0xe44bccd274d0551a6e2af33cd89d7d6206e269dc,6087,94.4,8
0xe44bccd274d0551a6e2af33cd89d7d6206e269dc,6088,94.4,8
0x92373997819b0e4529be7988eea4bedd4d276f74,6093,76.8,8
0xa5e2bb97de3c62ca06f1a2293eb7e01c114e9a49,6100,72.8,8
0xda1e9c631ace798036d2650f0283e63bc546f213,6108,102.4,8
0xdf087c9fe7f42e45b66fa22be028ad50e4c90234,6126,108.8,8
0x2106df7c24125c1c8f7f1f6deaaede93fd9a2e74,6131,80.0,8
0x5778ea2b2f688b604413ba839d0cb64ecccd1f47,6172,80.0,8
0x24d074530bb9526a67369b67fcf1fa6cf6ef6845,6173,86.4,8
0x7cdbbcc3bf7dfa8db52f9fef414865d41ff50bad,6203,126.4,8
0xdd22de8b55cc572d889a0b9edf114ce746126c49,6206,97.8,8
0xab0dee2006c7d84330b95cfa7c38da4307dfd74e,6208,70.4,8
0x7b2758ef11d152becab8c9aa3f0f7a43c1075ab9,6229,52.0,8
0xda1e9c631ace798036d2650f0283e63bc546f213,6231,102.4,8
0x92373997819b0e4529be7988eea4bedd4d276f74,6232,125.8,8
0x855Daf99174B3Eb8CEc4DF11e98cED228bF11A02,6233,108.8,8
0x83d498de2ef7de7076768c0f5a660e9433f45b22,6257,80.0,8
0xab0dee2006c7d84330b95cfa7c38da4307dfd74e,6259,108.8,8
0xa5582069f568e1cd91cd8c6f9f5d0494108c1275,6277,61.0,8
0x0be708eafc31a270707f8b8a4ac0259b54b4740f,6292,107.2,8
0xa5e2bb97de3c62ca06f1a2293eb7e01c114e9a49,6296,23.2,8
0x8a44e65288dc50c6bf8931e1e8216b5fb77f01eb,6310,108.8,8
0x8a44e65288dc50c6bf8931e1e8216b5fb77f01eb,6314,108.8,8
0xf6e08b16b96eca49dd098359dba9ea894ef4cf47,6320,96.0,8
0x8a44e65288dc50c6bf8931e1e8216b5fb77f01eb,6321,108.8,8
0xfa63a0cc1c26a78bca88991f15ebb6689f60b3ec,6330,90.0,8
0x8a44e65288dc50c6bf8931e1e8216b5fb77f01eb,6332,108.8,8
0x8a44e65288dc50c6bf8931e1e8216b5fb77f01eb,6335,108.8,8
0x24d074530bb9526a67369b67fcf1fa6cf6ef6845,6349,70.4,8
0x4c339ba83562a1ab6e7ce1b9d2668197e2e35153,6351,90.0,8
0xc0385c781b2f35ae0ba54c2948f4c23afa3bb954,6354,84.8,8
0xdf087c9fe7f42e45b66fa22be028ad50e4c90234,6361,108.8,8
0xc2ba2b009a9a8f12fdabed184412120fb072d620,6367,94.4,8
0x410a20d45edbb4415a5981be8d559676b8100e57,6385,108.8,8
0xda1e9c631ace798036d2650f0283e63bc546f213,6387,102.4,8
0x410a20d45edbb4415a5981be8d559676b8100e57,6394,108.8,8
0x18f6de4643248aa65a090c1d3546ec7a9eb5cdc6,6400,92.8,8
0xab0dee2006c7d84330b95cfa7c38da4307dfd74e,6406,86.4,8
0xea9aaa635142aae3c710986f7be0a18ba02efb41,6417,94.4,8
0x8f38f98e14b0ca08bf91acdc0a9cd18404c28070,6427,80.0,8
0x8f38f98e14b0ca08bf91acdc0a9cd18404c28070,6428,90.0,8
0x9fed225115a1374c7f0faef307d471c80fff1893,6457,66.4,8
0xb4c37c7ad3b83b66c4848d24f19a48aafff00d56,6462,84.8,8
0x9e4f549720a1e3acab7bf9a3e9c5727ce9ea8ebc,6486,64.0,8
0x9e4f549720a1e3acab7bf9a3e9c5727ce9ea8ebc,6487,80.0,8
0xff5ad07002d876bbb63a17d3f5bab8f63f034e1e,6493,68.8,8
0x8a44e65288dc50c6bf8931e1e8216b5fb77f01eb,6501,96.0,8
0x8a44e65288dc50c6bf8931e1e8216b5fb77f01eb,6504,76.8,8
0xff5ad07002d876bbb63a17d3f5bab8f63f034e1e,6508,68.8,8
0xe488fbac4a5c9b35325343a1c56723450e427d69,6512,80.0,8
0x8a44e65288dc50c6bf8931e1e8216b5fb77f01eb,6514,108.8,8
0x554d0c1f3e79b80fa41f9be17d6406d934f76427,6525,94.4,8
0x24d074530bb9526a67369b67fcf1fa6cf6ef6845,6531,49.6,8
0xbeaa41a14d1553914a8bc582eecc04d28c8d9873,6539,64.0,8
0x03fc99a0cb721329a57e6610a1ec825c18f02dab,6541,88.0,8
0x8a44e65288dc50c6bf8931e1e8216b5fb77f01eb,6548,76.8,8
0xba943f9a82e378eac5c33bbc92263e82ee64f50b,6554,102.8,8
0xc8cf76f9d18aec4e18b8401af40a5d9ab8f901d2,6562,80.0,8
0x8a44e65288dc50c6bf8931e1e8216b5fb77f01eb,6563,96.0,8
0x5a1c6b926209a865718d7be43055ab747fdafd57,6573,108.8,8
0x5f447199987971edb01e358cf67f390df9e75237,6578,84.8,8
0x8a44e65288dc50c6bf8931e1e8216b5fb77f01eb,6594,108.8,8
0xab0dee2006c7d84330b95cfa7c38da4307dfd74e,6605,76.8,8
0xad7e9947173fe7dd495f5a443fb74a252b2e7803,6633,80.0,8
0xea5f4f4440ff3cc417d09b43d6f8da1f14175846,6649,91.2,8
0x11610d0bf661d3ccbb9493cf23184f68ecfe4783,2068,83.2,8
0x0a9fd20fc663cc9afa28699959965a2a2dc5aae3,2071,80.0,8
0x0a9fd20fc663cc9afa28699959965a2a2dc5aae3,2072,100.0,8
0x9332aadd6c45d8e11311f0ef87bc288e0316f7a5,2089,108.8,8
0x1e8cbbbfb827785ecc23dd0426a8907c7cdcca3a,2091,56.0,8
0xb1715ae529c8cc640380861aafb65b5cf30e63be,2095,80.0,8
0xf9a777c45223ca6549604c073ec1e25daf8a17b0,2098,33.6,8
0x9332aadd6c45d8e11311f0ef87bc288e0316f7a5,2112,108.8,8
0x8b2abf9618cb3899b8459de211eadf53598245ad,2123,108.8,8
0xd1a18f6aa5bc2b4928c313f1bdbe9f5799f1a2db,2124,108.8,8
0x5e71dce31312ecf6110e552c8d8a5fe34cd6c8dd,2130,108.8,8
0x5a1c6b926209a865718d7be43055ab747fdafd57,2131,50.4,8
0xd1a18f6aa5bc2b4928c313f1bdbe9f5799f1a2db,2133,97.0,8
0x947a518695f63096650e7bfd421fd9be8b38be3a,2146,92.8,8
0xc2ba2b009a9a8f12fdabed184412120fb072d620,2158,94.4,8
0xab0a2fc0747c9a7f12f968739da737dab4bdfbe7,2159,88.0,8
0x5f447199987971edb01e358cf67f390df9e75237,2166,97.8,8
0x5f447199987971edb01e358cf67f390df9e75237,2167,84.8,8
0xc1ea534f63854ba2d3c32fdcd9cd34a9c239aaaa,2174,103.0,8
0xc1ea534f63854ba2d3c32fdcd9cd34a9c239aaaa,2175,80.0,8
0x7201ad662c2f3808fc364ee62b9b31a6d8053ed4,2183,96.8,8
0xab0a2fc0747c9a7f12f968739da737dab4bdfbe7,2195,88.0,8
0xab0a2fc0747c9a7f12f968739da737dab4bdfbe7,2198,88.0,8
0xea9aaa635142aae3c710986f7be0a18ba02efb41,2199,94.4,8
0x3a5ba76dced56939a4d595af5e9b3c46be7722e2,2200,80.0,8
0x3a5ba76dced56939a4d595af5e9b3c46be7722e2,2201,80.0,8
0xab0dee2006c7d84330b95cfa7c38da4307dfd74e,2204,108.8,8
0x2294476a8b4d6c5b7f87c3a1e6c823f6117c45c2,2215,97.0,8
0x0ab71c08687ad6248b76d3f7e799fc6f339f6625,2218,64.0,8
0x5932a976921b9383e753b24582c37d439b46ff38,2230,80.0,8
0x9332aadd6c45d8e11311f0ef87bc288e0316f7a5,2231,108.8,8
0xe224a464e5b021636474a89c5b4bcb46dbd1da25,2236,64.0,8
0x03fc99a0cb721329a57e6610a1ec825c18f02dab,2237,88.0,8
0xd20ecb03ac9c87f496da6846fd9d04a8865928b3,2249,84.8,8
0x3e06bd0bce5301af7a186d7f33478ad227df984a,2256,80.0,8
0x3e06bd0bce5301af7a186d7f33478ad227df984a,2257,80.0,8
0x87f4c743c2a1323a88855f2db61ec1eea651ca2e,2260,92.8,8
0x7201ad662c2f3808fc364ee62b9b31a6d8053ed4,2285,96.8,8
0x5a1c6b926209a865718d7be43055ab747fdafd57,2287,76.8,8
0x1cd50df53ea17c2b98a18fd65de2df173339296e,2288,93.0,8
0x47b6e4cefa215b4878d658d4d5b8a168ffe3e645,2312,84.8,8
0xf9a777c45223ca6549604c073ec1e25daf8a17b0,2324,59.2,8
0x83d498de2ef7de7076768c0f5a660e9433f45b22,2327,68.8,8
0xdac4c0c7c0fe9890b08ac59bddb3bb96ec098992,2345,108.8,8
0xab0dee2006c7d84330b95cfa7c38da4307dfd74e,2358,91.2,8
0x0be708eafc31a270707f8b8a4ac0259b54b4740f,2368,96.0,8
0x9332aadd6c45d8e11311f0ef87bc288e0316f7a5,2375,108.8,8
0xf6e08b16b96eca49dd098359dba9ea894ef4cf47,2376,60.8,8
0x333f5034b43f7b1d48e4426331cc0032bcea88d7,2390,64.0,8
0xd512ffe85be6f9ce44091c4bfb474f0293e818dc,2393,100.0,8
0xd512ffe85be6f9ce44091c4bfb474f0293e818dc,2394,80.0,8
0x24d074530bb9526a67369b67fcf1fa6cf6ef6845,2421,28.8,8
0x9352034b508263f63c50d4c445495e00651e72a0,2423,80.0,8
0x9352034b508263f63c50d4c445495e00651e72a0,2424,80.0,8
0x289b2d5777e8b3642224446d9578ad2fb41b3aad,2426,80.0,8
0xc2ba2b009a9a8f12fdabed184412120fb072d620,2427,78.4,8
0xb0481e4d9513924d3eef075781794ea81b14e0f7,2431,93.0,8
0xb0481e4d9513924d3eef075781794ea81b14e0f7,2432,80.0,8
0xde9991ec0533e2c874cc9298097e9cf5db523f76,2438,80.0,8
0xd699dc8bc53dd68b25aa87795957ff2abc6ca78a,2446,84.8,8
0x4be2ee779fbfdee5409ff3e28ab50d0d55101558,2447,93.0,8
0x9fed225115a1374c7f0faef307d471c80fff1893,2450,66.4,8
0xa5e2bb97de3c62ca06f1a2293eb7e01c114e9a49,2458,66.4,8
0x47b6e4cefa215b4878d658d4d5b8a168ffe3e645,2459,68.8,8
0x8a44e65288dc50c6bf8931e1e8216b5fb77f01eb,2463,108.8,8
0xc70fe10cdf99151ffe9b2e24ee1da97fb780714b,2466,85.8,8
0xab0a2fc0747c9a7f12f968739da737dab4bdfbe7,2471,88.0,8
0x0be708eafc31a270707f8b8a4ac0259b54b4740f,2472,107.2,8
0xba943f9a82e378eac5c33bbc92263e82ee64f50b,2492,67.2,8
0xa5e2bb97de3c62ca06f1a2293eb7e01c114e9a49,2496,68.8,8
0x18f6de4643248aa65a090c1d3546ec7a9eb5cdc6,2498,108.8,8
0x947a518695f63096650e7bfd421fd9be8b38be3a,2499,108.8,8
0x31031eeaaedd39ed8b06deca903cc7102678df80,2501,68.8,8
0xdac4c0c7c0fe9890b08ac59bddb3bb96ec098992,2502,108.8,8
0x18f6de4643248aa65a090c1d3546ec7a9eb5cdc6,2503,108.8,8
0x6313d7948d3491096ffe00dea2d246d588b4d4fc,2514,72.0,8
0x515f569a8530b3bdb73fb8bd69f4bc845435e04a,2518,32.0,8
0xffc9a5ecf39dba2bf0b8b2c4d843bfd70b1a6082,2523,94.8,8
0x090f66847a4dfa167046627150ac9b855dce4119,2527,80.0,8
0x090f66847a4dfa167046627150ac9b855dce4119,2528,80.0,8
0xdac4c0c7c0fe9890b08ac59bddb3bb96ec098992,2529,108.8,8
0xdac4c0c7c0fe9890b08ac59bddb3bb96ec098992,2530,108.8,8
0x67bb17104c310991498d119e4513cab40f5ef6f5,2549,80.0,8
0xbe931D053E0156b527cA478744D212C66684F653,2553,64.0,8
0x12b93dbca5cce9338756175da1fa51dbdacdf3b1,2554,56.0,8
0xb0e8af8ddc8480789b37f90689c5bbba2139804c,2582,72.0,8
0x268e94649f4f2b7609d012494783d908f051fe74,2589,80.0,8
0x268e94649f4f2b7609d012494783d908f051fe74,2590,90.0,8
0x9332aadd6c45d8e11311f0ef87bc288e0316f7a5,2610,108.8,8
0xc886db8b8cd260f5ee38ba3d8f8e9324ee27ea33,2656,108.8,8
0xdfb3f203a768f91e204895245719cc73becb4507,2663,80.0,8
0x440c7efe7fdd489c39b12ad0fb8a8263c062ca72,2664,48.0,8
0xcc0e876967c6f7d72162b489545fdab6f2b2f848,2679,83.2,8
0xcc0e876967c6f7d72162b489545fdab6f2b2f848,2680,83.2,8
0x8a44e65288dc50c6bf8931e1e8216b5fb77f01eb,2682,108.8,8
0x9fed225115a1374c7f0faef307d471c80fff1893,2691,80.0,8
0x9fed225115a1374c7f0faef307d471c80fff1893,2692,80.0,8
0x11826ebb3d448e33f4bd6a04ff63631ce1d6243a,2695,80.0,8
0xba1d5693c869a3754f5e57dd7c336dabe35ab878,2717,92.8,8
0xba1d5693c869a3754f5e57dd7c336dabe35ab878,2718,92.8,8
0xba1d5693c869a3754f5e57dd7c336dabe35ab878,2719,92.8,8
0x64220b85356c2e31aa5b2dd79322dbab63d05f22,2721,90.0,8
0x64220b85356c2e31aa5b2dd79322dbab63d05f22,2722,80.0,8
0x8a44e65288dc50c6bf8931e1e8216b5fb77f01eb,2723,76.8,8
0x0c3ec24479949ffd57fd151f9101a3278edcaa69,2729,80.0,8
0x24d074530bb9526a67369b67fcf1fa6cf6ef6845,2741,62.4,8
0x8a44e65288dc50c6bf8931e1e8216b5fb77f01eb,2742,96.0,8
0x61f51c41ccfe60f9427254257e785e7a5b72d21a,2749,80.0,8
0xab0dee2006c7d84330b95cfa7c38da4307dfd74e,2750,108.8,8
0x25c53e7da97cddb8f7943fba9f9ff569b84a261a,2754,68.8,8
0xf6e08b16b96eca49dd098359dba9ea894ef4cf47,2756,68.8,8
0x4d10aba42b710bdfbf5acaf3ea9724db94c36fac,2770,100.0,8
0xab0a2fc0747c9a7f12f968739da737dab4bdfbe7,2797,72.0,8
0xab0dee2006c7d84330b95cfa7c38da4307dfd74e,2820,108.8,8
0x83d498de2ef7de7076768c0f5a660e9433f45b22,2825,80.0,8
0x7cdbbcc3bf7dfa8db52f9fef414865d41ff50bad,2830,106.4,8
0xd1a18f6aa5bc2b4928c313f1bdbe9f5799f1a2db,2832,108.8,8
0xdaf8313d766a62b5271a446b7e03d45ffb000490,2838,108.8,8
0x6eae0202053c5aef1b57911fec208f08d96050de,2839,96.0,8
0x7cdbbcc3bf7dfa8db52f9fef414865d41ff50bad,2840,96.0,8
0xa4c589a9f30500ac70ff8bd2a6c387aed833de31,2841,72.0,8
0xbc13bda054427275af06d006bc10688df5386e0e,2842,72.0,8
0x18f6de4643248aa65a090c1d3546ec7a9eb5cdc6,2851,92.8,8
0x8a44e65288dc50c6bf8931e1e8216b5fb77f01eb,2858,108.8,8
0x8a44e65288dc50c6bf8931e1e8216b5fb77f01eb,2859,108.8,8
0x88961f034bbdc961c18114430fa6d8ced9c93c5f,2872,80.0,8
0x88961f034bbdc961c18114430fa6d8ced9c93c5f,2873,97.0,8
0x87f4c743c2a1323a88855f2db61ec1eea651ca2e,2884,92.8,8
0xab0dee2006c7d84330b95cfa7c38da4307dfd74e,2893,92.8,8
0xe488fbac4a5c9b35325343a1c56723450e427d69,2895,72.8,8
0xa28ef9ab58ae6d14c23f8855852346c9510e49a3,2900,108.8,8
0xdf087c9fe7f42e45b66fa22be028ad50e4c90234,2901,108.8,8
0xc2a040ec4c07a397780683c698ede727847ae412,2911,64.0,8
0x554d0c1f3e79b80fa41f9be17d6406d934f76427,2914,94.4,8
0x8a44e65288dc50c6bf8931e1e8216b5fb77f01eb,2917,76.8,8
0xdac4c0c7c0fe9890b08ac59bddb3bb96ec098992,2946,108.8,8
0xab0dee2006c7d84330b95cfa7c38da4307dfd74e,2947,108.8,8
0x8a44e65288dc50c6bf8931e1e8216b5fb77f01eb,2970,108.8,8
0xdac4c0c7c0fe9890b08ac59bddb3bb96ec098992,2971,108.8,8
0x811f03743616a9d0af958956357a1143676627d4,2977,80.0,8
0x811f03743616a9d0af958956357a1143676627d4,2978,80.0,8
0x2cef54ba120cdbdc1ca07381e5b4747b587e9261,2979,80.0,8
0x9fed225115a1374c7f0faef307d471c80fff1893,2991,66.4,8
0x8f59fa39d9612b0f8ea0d0d28961ec0d535f6799,2993,81.0,8
0x8f59fa39d9612b0f8ea0d0d28961ec0d535f6799,2994,80.0,8
0x37c660ddcfbbc6c5a79757789dc8d1cae466a024,2997,80.0,8
0x6eae0202053c5aef1b57911fec208f08d96050de,3011,76.8,8
0xea5f4f4440ff3cc417d09b43d6f8da1f14175846,3020,100.8,8
0x9332aadd6c45d8e11311f0ef87bc288e0316f7a5,3023,108.8,8
0x9332aadd6c45d8e11311f0ef87bc288e0316f7a5,3024,108.8,8
0x0953678ac2ee8571486ca9f94d3306d403cc76c0,3032,80.0,8
0x43853aede65371186eac37a91e9e163724aeddcc,3056,90.0,8
0x03fc99a0cb721329a57e6610a1ec825c18f02dab,3063,77.6,8
0x70af6be4435a982e99735b1b65cac0e7eadab68d,3071,80.0,8
0x70af6be4435a982e99735b1b65cac0e7eadab68d,3072,80.0,8
0xdac4c0c7c0fe9890b08ac59bddb3bb96ec098992,3084,76.8,8
0x8a44e65288dc50c6bf8931e1e8216b5fb77f01eb,3093,76.8,8
0x8b2abf9618cb3899b8459de211eadf53598245ad,3102,108.8,8
0x6eae0202053c5aef1b57911fec208f08d96050de,3128,96.0,8
0x1584df90cb8ffda66d0d3b6b64ef7bfbdca191b8,3138,100.0,8
0x5c5d19faa967ba5d3a0fc919af27a462122ff8a1,3146,98.4,8
0x5c5d19faa967ba5d3a0fc919af27a462122ff8a1,3147,98.4,8
0x847803a8dbf38a910b58e78b47f0b1c8c22f5f11,3160,90.0,8
0x847803a8dbf38a910b58e78b47f0b1c8c22f5f11,3161,80.0,8
0x8a44e65288dc50c6bf8931e1e8216b5fb77f01eb,3167,118.8,8
0x8b2abf9618cb3899b8459de211eadf53598245ad,3188,92.8,8
0x92373997819b0e4529be7988eea4bedd4d276f74,3194,92.8,8
0x4c9d50ccac81b7473c222845531dc37f1c416166,3195,68.8,8
0x86295b286571619e4a357ee0a192bb20ec17a633,3196,80.0,8
0x86295b286571619e4a357ee0a192bb20ec17a633,3197,80.0,8
0xd898038ad440ef8f981c8bb62bc9e1defd29f27c,3206,80.0,8
0xd898038ad440ef8f981c8bb62bc9e1defd29f27c,3207,80.0,8
0x6313d7948d3491096ffe00dea2d246d588b4d4fc,3209,72.0,8
0xf79c0057d760e890c7b918bc10ef86ea5cb7226b,3219,80.0,8
0x6eae0202053c5aef1b57911fec208f08d96050de,3221,96.0,8
0x9fed225115a1374c7f0faef307d471c80fff1893,3234,80.0,8
0x5c5d19faa967ba5d3a0fc919af27a462122ff8a1,3247,89.6,8
0x8a44e65288dc50c6bf8931e1e8216b5fb77f01eb,3248,68.8,8
0x3621f96aea9904da476727550ee205ca4c2f779c,3249,68.8,8
0x3621f96aea9904da476727550ee205ca4c2f779c,3250,104.8,8
0x6eae0202053c5aef1b57911fec208f08d96050de,3259,96.0,8
0x13027f849d4bb4193b09ba380f0940f389e770b0,3267,84.8,8
0x31031eeaaedd39ed8b06deca903cc7102678df80,3268,60.0,8
0x83d498de2ef7de7076768c0f5a660e9433f45b22,3270,86.4,8
0x45271308260c3f2c736ca1627a99fb054e5c0388,3276,80.0,8
0x45271308260c3f2c736ca1627a99fb054e5c0388,3277,80.0,8
0x13027f849d4bb4193b09ba380f0940f389e770b0,3286,87.2,8
0x8f4d3172406a992d8dd14e149e0efd6904c7d938,3288,72.0,8
0x15b689779980797a08d50fa1f977f9c4bad261da,3289,72.0,8
0x11610d0bf661d3ccbb9493cf23184f68ecfe4783,3325,83.2,8
0x47b6e4cefa215b4878d658d4d5b8a168ffe3e645,3326,84.8,8
0xea67f4e46ffbf42e825abd331c6b288927844acd,3331,94.4,8
0xea67f4e46ffbf42e825abd331c6b288927844acd,3332,94.4,8
0x9fed225115a1374c7f0faef307d471c80fff1893,3343,64.0,8
0x1ba1ff69f03d38af7ef40e3afdc53ad073eb4642,3344,64.0,8
0x590ec13e9af827f98ecabb553bff8403272d5a42,3345,80.0,8
0x590ec13e9af827f98ecabb553bff8403272d5a42,3346,80.0,8
0x8a44e65288dc50c6bf8931e1e8216b5fb77f01eb,3348,108.8,8
0x29d3c95d4d8a42ad598112a1c6f909e010ad37dc,3359,64.0,8
0x855Daf99174B3Eb8CEc4DF11e98cED228bF11A02,3367,92.8,8
0xfa04e6aa48cc3888d40a3152ff479c76d2b7c7ec,3369,80.0,8
0x27c5deca8324cc6e9332db95defa1a951f29452a,3370,90.0,8
0xea5f4f4440ff3cc417d09b43d6f8da1f14175846,3375,83.2,8
0xdac4c0c7c0fe9890b08ac59bddb3bb96ec098992,3388,108.8,8
0xe36c3e5ade45bb09c0ff17a23d241a956f7da962,3397,103.0,8
0xe36c3e5ade45bb09c0ff17a23d241a956f7da962,3398,80.0,8
0x7e222f65ab279507b4124ba450f13f9758212d42,3401,68.8,8
0x6313d7948d3491096ffe00dea2d246d588b4d4fc,3403,98.0,8
0xab0dee2006c7d84330b95cfa7c38da4307dfd74e,3411,108.8,8
0xdac4c0c7c0fe9890b08ac59bddb3bb96ec098992,3412,108.8,8
0xdac4c0c7c0fe9890b08ac59bddb3bb96ec098992,3414,108.8,8
0x177821cbe97b3eb0a20de1fd534bc7160cbcd76e,3422,64.0,8
0x622b02af44e1ab16ee5fffdb61b4e2bd1cebd9e4,3427,72.0,8
0x9fed225115a1374c7f0faef307d471c80fff1893,3428,61.0,8
0xa20e90bebe4c230b991d26464e0726a2d6d9dff8,3433,77.0,8
0xdac4c0c7c0fe9890b08ac59bddb3bb96ec098992,3441,108.8,8
0xc886db8b8cd260f5ee38ba3d8f8e9324ee27ea33,3443,92.8,8
0xa15dbef1c56c59b96c4d585ba69a554842e8a63b,3444,67.2,8
0x3b0667ab576a6aceb3add15c98db84f51c20e370,3459,84.8,8
0xd1a18f6aa5bc2b4928c313f1bdbe9f5799f1a2db,3461,78.4,8
0x13027f849d4bb4193b09ba380f0940f389e770b0,3462,76.8,8
0x87f4c743c2a1323a88855f2db61ec1eea651ca2e,3477,108.8,8
0xdaf8313d766a62b5271a446b7e03d45ffb000490,3481,108.8,8
0xaf7453c1acd662485ae30f54fd2dfd9c201096e8,3483,80.0,8
0xaf7453c1acd662485ae30f54fd2dfd9c201096e8,3484,80.0,8
0x28031c6b998392d83709871162f892eca9e2f880,3485,72.0,8
0x5c5d19faa967ba5d3a0fc919af27a462122ff8a1,3489,89.6,8
0x8a44e65288dc50c6bf8931e1e8216b5fb77f01eb,3496,108.8,8
0xdac4c0c7c0fe9890b08ac59bddb3bb96ec098992,3499,108.8,8
0xab0dee2006c7d84330b95cfa7c38da4307dfd74e,3500,108.8,8
0xc9829bf4d7b2e3008ea8c97fba4c263049a109c2,3505,72.0,8
0x51eab70c724a303f805c5906ee3593e1b6c39a06,3506,72.0,8
0x2897220823965b28bcb9d7fb3a215be633e377b4,3511,92.8,8
0xc886db8b8cd260f5ee38ba3d8f8e9324ee27ea33,3523,92.8,8
0x793df8014eaf918924006a4c7fc2999c643c0e9d,3532,90.0,8
0x24d074530bb9526a67369b67fcf1fa6cf6ef6845,3533,62.4,8
0xae5252b7d6603af2fa284e565a11e3175ef84a9c,3543,94.8,8
0xae5252b7d6603af2fa284e565a11e3175ef84a9c,3544,84.8,8
0x8b2abf9618cb3899b8459de211eadf53598245ad,3549,92.8,8
0xe488fbac4a5c9b35325343a1c56723450e427d69,3550,72.8,8
0xba53659c7d23112710983b803c641ea219094a43,3559,80.0,8
0x14dadf66579d2c696d5fb675c5dedad554df7b4e,3562,74.0,8
0xd589286a2c8e633a7c1c3adbbc19e53c790932c6,3573,64.0,8
0xa15dbef1c56c59b96c4d585ba69a554842e8a63b,3574,60.0,8
0x8a44e65288dc50c6bf8931e1e8216b5fb77f01eb,3576,108.8,8
0xdac4c0c7c0fe9890b08ac59bddb3bb96ec098992,3592,108.8,8
0x410a20d45edbb4415a5981be8d559676b8100e57,3594,108.8,8
0xea5f4f4440ff3cc417d09b43d6f8da1f14175846,3599,100.8,8
0xdac4c0c7c0fe9890b08ac59bddb3bb96ec098992,3605,108.8,8
0xdac4c0c7c0fe9890b08ac59bddb3bb96ec098992,3606,108.8,8
0x6e2b288778189423ef3b516ac6526b8cde322224,3625,64.0,8
0xd699dc8bc53dd68b25aa87795957ff2abc6ca78a,3630,68.8,8
0x8a44e65288dc50c6bf8931e1e8216b5fb77f01eb,3636,96.0,8
0x24d074530bb9526a67369b67fcf1fa6cf6ef6845,3646,84.0,8
0x5ac72f7f92ea6372d9e8a6131ac741163c97611f,3677,48.0,8
0x5c5d19faa967ba5d3a0fc919af27a462122ff8a1,3678,118.4,8
0x3621f96aea9904da476727550ee205ca4c2f779c,3679,68.8,8
0xadc9a18966fa61a42687d32a6ad3936d67f06394,3690,64.0,8
0x87f4c743c2a1323a88855f2db61ec1eea651ca2e,3693,108.8,8
0x9ea94e31853c76c6912b6903027bb8f456e9f8ea,3701,80.0,8
0x9ea94e31853c76c6912b6903027bb8f456e9f8ea,3702,90.0,8
0x3df89cc65bb96b62cb6c0afc21c6205f547f4565,3716,80.0,8
0xc0385c781b2f35ae0ba54c2948f4c23afa3bb954,3718,84.8,8
0x855Daf99174B3Eb8CEc4DF11e98cED228bF11A02,3744,108.8,8
0xa28ef9ab58ae6d14c23f8855852346c9510e49a3,3749,108.8,8
0xa28ef9ab58ae6d14c23f8855852346c9510e49a3,3750,108.8,8
0xdd22de8b55cc572d889a0b9edf114ce746126c49,3771,84.8,8
0x8a44e65288dc50c6bf8931e1e8216b5fb77f01eb,3804,70.8,8
0xc2ba2b009a9a8f12fdabed184412120fb072d620,3808,62.4,8
0xda1e9c631ace798036d2650f0283e63bc546f213,3826,102.4,8
0x5b34d7917840fac7e91973abdd5647ae5eeccbaa,3843,94.8,8
0x82f4f85d5a9d2d2ec3300737bea4088d1842d7e8,3844,64.0,8
0x87f4c743c2a1323a88855f2db61ec1eea651ca2e,3845,92.8,8
0x8a44e65288dc50c6bf8931e1e8216b5fb77f01eb,3846,108.8,8
0x03fc99a0cb721329a57e6610a1ec825c18f02dab,3847,56.0,8
0x03fc99a0cb721329a57e6610a1ec825c18f02dab,3848,98.0,8
0x87f4c743c2a1323a88855f2db61ec1eea651ca2e,3851,92.8,8
0xffc9a5ecf39dba2bf0b8b2c4d843bfd70b1a6082,3854,68.8,8
0xc886db8b8cd260f5ee38ba3d8f8e9324ee27ea33,3862,92.8,8
0xe5e33031b308778e3632c5db59f5a6621b396e08,3865,24.0,8
0xe5e33031b308778e3632c5db59f5a6621b396e08,3866,24.0,8
0x87f4c743c2a1323a88855f2db61ec1eea651ca2e,3874,108.8,8
0xdf087c9fe7f42e45b66fa22be028ad50e4c90234,3893,108.8,8
0x9f1192009D492E3739F40FD461612659109e0178,3894,40.0,8
0x11610d0bf661d3ccbb9493cf23184f68ecfe4783,3898,54.4,8
0xb3384ebd56b9e7265d8ab94f17563f2cc71154b3,3905,64.0,8
0x8a44e65288dc50c6bf8931e1e8216b5fb77f01eb,3913,108.8,8
0x712fa6b54381bfacd214a50bb6c9b9c591bc3d52,3919,80.0,8
0x712fa6b54381bfacd214a50bb6c9b9c591bc3d52,3920,80.0,8
0xdf087c9fe7f42e45b66fa22be028ad50e4c90234,3927,92.8,8
0x7cdbbcc3bf7dfa8db52f9fef414865d41ff50bad,3933,80.0,8
0xab0dee2006c7d84330b95cfa7c38da4307dfd74e,3951,108.8,8
0xab0dee2006c7d84330b95cfa7c38da4307dfd74e,3952,108.8,8
0xd699dc8bc53dd68b25aa87795957ff2abc6ca78a,3957,84.8,8
0x4d246e41d7131ff60cd533c13bd2aafce7ab1265,3977,80.0,8
0x4d246e41d7131ff60cd533c13bd2aafce7ab1265,3978,80.0,8
0xdac4c0c7c0fe9890b08ac59bddb3bb96ec098992,3986,108.8,8
0x75cab0bbded1357e7423c501501f66f5389aef65,3991,72.0,8
0xd27c52722d2b5696a2d5822c6b6ff94f0e0150b9,3992,72.0,8
0xea9aaa635142aae3c710986f7be0a18ba02efb41,3994,94.4,8
0x61ff13f129a96d2d229d37a0531979852945433a,4005,84.8,8
0x11610d0bf661d3ccbb9493cf23184f68ecfe4783,4007,109.2,8
0x11610d0bf661d3ccbb9493cf23184f68ecfe4783,4008,99.2,8
0x410a20d45edbb4415a5981be8d559676b8100e57,4013,108.8,8
0x6e2b288778189423ef3b516ac6526b8cde322224,4020,64.0,8
0x24d074530bb9526a67369b67fcf1fa6cf6ef6845,4027,54.4,8
0x7cdbbcc3bf7dfa8db52f9fef414865d41ff50bad,4028,106.4,8
0xb432e38c547fe9e0822c225f6f488fc07d97bdcc,4032,64.0,8
0x9fed225115a1374c7f0faef307d471c80fff1893,4038,72.8,8
0xdaf8313d766a62b5271a446b7e03d45ffb000490,4039,108.8,8
0xe488fbac4a5c9b35325343a1c56723450e427d69,4055,88.8,8
0xdac4c0c7c0fe9890b08ac59bddb3bb96ec098992,4056,108.8,8
0x0007550d32a90c2e498b7261139e15ec873e8502,4064,64.0,8
0xd589286a2c8e633a7c1c3adbbc19e53c790932c6,4072,81.0,8
0xea5f4f4440ff3cc417d09b43d6f8da1f14175846,4089,80.0,8
0xe44bccd274d0551a6e2af33cd89d7d6206e269dc,4091,94.4,8
0xe44bccd274d0551a6e2af33cd89d7d6206e269dc,4092,94.4,8
0x82f4f85d5a9d2d2ec3300737bea4088d1842d7e8,4094,48.0,8
0x8a44e65288dc50c6bf8931e1e8216b5fb77f01eb,6685,76.8,8
0xeec6d9ce9bb491f8843431a86cf24718b5e6b560,6699,80.0,8
0xdd22de8b55cc572d889a0b9edf114ce746126c49,6703,52.8,8
0xdaf8313d766a62b5271a446b7e03d45ffb000490,6715,108.8,8
0x8a44e65288dc50c6bf8931e1e8216b5fb77f01eb,6744,96.0,8
0xc0385c781b2f35ae0ba54c2948f4c23afa3bb954,6749,84.8,8
0xea5f4f4440ff3cc417d09b43d6f8da1f14175846,6754,51.2,8
0xa5e2bb97de3c62ca06f1a2293eb7e01c114e9a49,6756,72.8,8
0x83d498de2ef7de7076768c0f5a660e9433f45b22,6789,106.4,8
0xab0dee2006c7d84330b95cfa7c38da4307dfd74e,6800,108.8,8
0xdac4c0c7c0fe9890b08ac59bddb3bb96ec098992,6802,108.8,8
0x9fed225115a1374c7f0faef307d471c80fff1893,6809,66.4,8
0xe224a464e5b021636474a89c5b4bcb46dbd1da25,6810,87.0,8
0x554d0c1f3e79b80fa41f9be17d6406d934f76427,6918,94.4,8
0x554d0c1f3e79b80fa41f9be17d6406d934f76427,6919,94.4,8
0x8a44e65288dc50c6bf8931e1e8216b5fb77f01eb,7130,108.8,8
0xb680b74608a617f7cb6f9a1faf86c2e8d2edfce1,7131,64.0,8
0x25c53e7da97cddb8f7943fba9f9ff569b84a261a,7132,94.8,8
0x8a44e65288dc50c6bf8931e1e8216b5fb77f01eb,7133,108.8,8
0x8b2abf9618cb3899b8459de211eadf53598245ad,7134,108.8,8
0x554d0c1f3e79b80fa41f9be17d6406d934f76427,7343,52.0,8
0x8a44e65288dc50c6bf8931e1e8216b5fb77f01eb,7545,108.8,8
0x8a44e65288dc50c6bf8931e1e8216b5fb77f01eb,7814,108.8,8
0xc70fe10cdf99151ffe9b2e24ee1da97fb780714b,8544,68.8,8
0xdaf8313d766a62b5271a446b7e03d45ffb000490,8545,108.8,8
0xab0dee2006c7d84330b95cfa7c38da4307dfd74e,8553,63.2,8
0xbedfaef8548f017f5fecd42ebb3c147b9e1efa2c,8563,81.0,8
0x19c47b6bf29cab375a11b0138dba57e0e484fbdc,4098,101.8,8
0xdac4c0c7c0fe9890b08ac59bddb3bb96ec098992,4105,108.8,8
0x0be708eafc31a270707f8b8a4ac0259b54b4740f,4112,91.2,8
0x8b2abf9618cb3899b8459de211eadf53598245ad,4113,108.8,8
0x410a20d45edbb4415a5981be8d559676b8100e57,4114,108.8,8
0x6313d7948d3491096ffe00dea2d246d588b4d4fc,4118,45.6,8
0x7b975a831fdf363cd999f60d359a9d9823de7c77,4119,80.0,8
0x7b975a831fdf363cd999f60d359a9d9823de7c77,4120,80.0,8
0x8a44e65288dc50c6bf8931e1e8216b5fb77f01eb,4121,108.8,8
0x8a44e65288dc50c6bf8931e1e8216b5fb77f01eb,4122,108.8,8
0x855Daf99174B3Eb8CEc4DF11e98cED228bF11A02,4124,108.8,8
0x87f4c743c2a1323a88855f2db61ec1eea651ca2e,4137,92.8,8
0xab0dee2006c7d84330b95cfa7c38da4307dfd74e,4138,102.8,8
0x8a44e65288dc50c6bf8931e1e8216b5fb77f01eb,4139,54.4,8
0x6eae0202053c5aef1b57911fec208f08d96050de,4140,41.6,8
0xc5909003af98b7b2f0002c456353e3c1bd658fa0,4142,100.0,8
0x947a518695f63096650e7bfd421fd9be8b38be3a,4145,108.8,8
0x947a518695f63096650e7bfd421fd9be8b38be3a,4146,108.8,8
0x92373997819b0e4529be7988eea4bedd4d276f74,4153,92.8,8
0x0be708eafc31a270707f8b8a4ac0259b54b4740f,4158,107.2,8
0x8a44e65288dc50c6bf8931e1e8216b5fb77f01eb,4167,96.0,8
0x0be708eafc31a270707f8b8a4ac0259b54b4740f,4172,107.2,8
0x61ff13f129a96d2d229d37a0531979852945433a,4179,84.8,8
0x61ff13f129a96d2d229d37a0531979852945433a,4180,84.8,8
0xea9aaa635142aae3c710986f7be0a18ba02efb41,4182,78.4,8
0xafbf53d8892bbd9772af717fd51f5e4f7830cc92,4191,80.0,8
0xafbf53d8892bbd9772af717fd51f5e4f7830cc92,4192,80.0,8
0x8a44382e374a95474e61d006c4c8c819cfcd4ccf,4222,80.0,8
0xdf087c9fe7f42e45b66fa22be028ad50e4c90234,4224,92.8,8
0x8a44e65288dc50c6bf8931e1e8216b5fb77f01eb,4251,108.8,8
0x855Daf99174B3Eb8CEc4DF11e98cED228bF11A02,4252,92.8,8
0x3f16271d7bf0991cc82d2aa1ef95c8ee9ff05456,4255,84.8,8
0x3f16271d7bf0991cc82d2aa1ef95c8ee9ff05456,4256,84.8,8
0xd20ecb03ac9c87f496da6846fd9d04a8865928b3,4270,94.8,8
0xd20ecb03ac9c87f496da6846fd9d04a8865928b3,4271,84.8,8
0xab0dee2006c7d84330b95cfa7c38da4307dfd74e,4286,54.4,8
0xdac4c0c7c0fe9890b08ac59bddb3bb96ec098992,4290,108.8,8
0xa28ef9ab58ae6d14c23f8855852346c9510e49a3,4306,108.8,8
0xa28ef9ab58ae6d14c23f8855852346c9510e49a3,4307,108.8,8
0x622b02af44e1ab16ee5fffdb61b4e2bd1cebd9e4,4309,81.0,8
0x947a518695f63096650e7bfd421fd9be8b38be3a,4312,108.8,8
0x947a518695f63096650e7bfd421fd9be8b38be3a,4313,108.8,8
0xa28ef9ab58ae6d14c23f8855852346c9510e49a3,4319,108.8,8
0x453b9325d50b48862acc7b46fdd53a3074bebe1f,4323,80.0,8
0x453b9325d50b48862acc7b46fdd53a3074bebe1f,4324,80.0,8
0xdac4c0c7c0fe9890b08ac59bddb3bb96ec098992,4347,108.8,8
0xdac4c0c7c0fe9890b08ac59bddb3bb96ec098992,4348,108.8,8
0x1b6aa1020730c9c7b158e05d74f390a16140cc27,4355,80.0,8
0x1b6aa1020730c9c7b158e05d74f390a16140cc27,4356,80.0,8
0x8a44e65288dc50c6bf8931e1e8216b5fb77f01eb,4357,108.8,8
0xdf087c9fe7f42e45b66fa22be028ad50e4c90234,4358,92.8,8
0x855Daf99174B3Eb8CEc4DF11e98cED228bF11A02,4366,118.8,8
0xdac4c0c7c0fe9890b08ac59bddb3bb96ec098992,4367,108.8,8
0xdac4c0c7c0fe9890b08ac59bddb3bb96ec098992,4369,108.8,8
0xab0a2fc0747c9a7f12f968739da737dab4bdfbe7,4373,88.0,8
0xab0dee2006c7d84330b95cfa7c38da4307dfd74e,4384,108.8,8
0xab0dee2006c7d84330b95cfa7c38da4307dfd74e,4385,108.8,8
0x8a44e65288dc50c6bf8931e1e8216b5fb77f01eb,4386,96.0,8
0x6eae0202053c5aef1b57911fec208f08d96050de,4387,96.0,8
0x2897220823965b28bcb9d7fb3a215be633e377b4,4388,108.8,8
0x61ff13f129a96d2d229d37a0531979852945433a,4391,68.8,8
0xf6e08b16b96eca49dd098359dba9ea894ef4cf47,4436,68.8,8
0xdac4c0c7c0fe9890b08ac59bddb3bb96ec098992,4437,108.8,8
0xea5f4f4440ff3cc417d09b43d6f8da1f14175846,4442,117.8,8
0x7201ad662c2f3808fc364ee62b9b31a6d8053ed4,4443,72.0,8
0x7cdbbcc3bf7dfa8db52f9fef414865d41ff50bad,4444,90.4,8
0x3f16271d7bf0991cc82d2aa1ef95c8ee9ff05456,4474,94.8,8
0x3f16271d7bf0991cc82d2aa1ef95c8ee9ff05456,4475,84.8,8
0xc886db8b8cd260f5ee38ba3d8f8e9324ee27ea33,4478,92.8,8
0x7b2758ef11d152becab8c9aa3f0f7a43c1075ab9,4479,54.0,8
0xdac4c0c7c0fe9890b08ac59bddb3bb96ec098992,4482,108.8,8
0xdac4c0c7c0fe9890b08ac59bddb3bb96ec098992,4485,108.8,8
0xdac4c0c7c0fe9890b08ac59bddb3bb96ec098992,4486,108.8,8
0x19f334f9ff4e6fec21601c46b22e96ad040edcec,4491,64.0,8
0xd7d94560bd42c0f9770938c4772e44e856bac27a,4508,90.0,8
0xeec6d9ce9bb491f8843431a86cf24718b5e6b560,4512,90.0,8
0xba943f9a82e378eac5c33bbc92263e82ee64f50b,4514,33.6,8
0x0e7110d45e847629116cda4ba184560a7d40f14a,4516,80.0,8
0x0e7110d45e847629116cda4ba184560a7d40f14a,4517,80.0,8
0xea67f4e46ffbf42e825abd331c6b288927844acd,4526,94.4,8
0xea67f4e46ffbf42e825abd331c6b288927844acd,4527,94.4,8
0x8b2abf9618cb3899b8459de211eadf53598245ad,4528,92.8,8
0x8b2abf9618cb3899b8459de211eadf53598245ad,4529,92.8,8
0xdf087c9fe7f42e45b66fa22be028ad50e4c90234,4533,108.8,8
0xa28ef9ab58ae6d14c23f8855852346c9510e49a3,4534,108.8,8
0x0be708eafc31a270707f8b8a4ac0259b54b4740f,4537,107.2,8
0x8a44e65288dc50c6bf8931e1e8216b5fb77f01eb,4538,108.8,8
0xea67f4e46ffbf42e825abd331c6b288927844acd,4543,94.4,8
0xea67f4e46ffbf42e825abd331c6b288927844acd,4544,94.4,8
0x18f6de4643248aa65a090c1d3546ec7a9eb5cdc6,4559,108.8,8
0x18f6de4643248aa65a090c1d3546ec7a9eb5cdc6,4560,108.8,8
0x6cc4ead03b6fda979fa33b40546ba5d09c35396a,4578,92.8,8
0xe9ca01dbfaeda9ed9a0591400ae168719287e0ac,4617,40.0,8
0x9c421d817d620c80cdbe65919d2441ff3560a640,4620,81.0,8
0x13027f849d4bb4193b09ba380f0940f389e770b0,900,88.8,8
0x24d074530bb9526a67369b67fcf1fa6cf6ef6845,901,88.8,8
0x13027f849d4bb4193b09ba380f0940f389e770b0,902,88.8,8
0x13027f849d4bb4193b09ba380f0940f389e770b0,903,88.8,8
0x5a1c6b926209a865718d7be43055ab747fdafd57,904,88.8,8
0x24d074530bb9526a67369b67fcf1fa6cf6ef6845,905,88.8,8
0x6cc4ead03b6fda979fa33b40546ba5d09c35396a,2430,92.8,8
